{
    "Use Non-ASCII Font" : true,
    "Tags" : [
  
    ],
    "Ansi 12 Color" : {
      "Green Component" : 0.83137254901960789,
      "Red Component" : 0.67843137254901964,
      "Blue Component" : 0.98431372549019602
    },
    "Ansi 7 Color" : {
      "Green Component" : 0.81568627450980391,
      "Red Component" : 0.81568627450980391,
      "Blue Component" : 0.81568627450980391
    },
    "Ansi 8 Color" : {
      "Green Component" : 0.3843137254901961,
      "Red Component" : 0.3843137254901961,
      "Blue Component" : 0.3843137254901961
    },
    "Bold Color" : {
      "Green Component" : 0.89411764705882357,
      "Red Component" : 0.89411764705882357,
      "Blue Component" : 0.89411764705882357
    },
    "Ansi 9 Color" : {
      "Green Component" : 0.37254901960784315,
      "Red Component" : 0.84313725490196079,
      "Blue Component" : 0.52941176470588236
    },
    "Ansi 6 Color" : {
      "Green Component" : 0.68627450980392157,
      "Red Component" : 0.52941176470588236,
      "Blue Component" : 0.68627450980392157
    },
    "Ansi 5 Color" : {
      "Green Component" : 0.68627450980392157,
      "Red Component" : 0.84313725490196079,
      "Blue Component" : 0.68627450980392157
    },
    "Rows" : 32,
    "Default Bookmark" : "No",
    "Cursor Guide Color" : {
      "Red Component" : 0.70213186740875244,
      "Color Space" : "sRGB",
      "Blue Component" : 1,
      "Alpha Component" : 0.25,
      "Green Component" : 0.9268307089805603
    },
    "Non-ASCII Anti Aliased" : true,
    "Use Bright Bold" : true,
    "Ansi 10 Color" : {
      "Green Component" : 0.68627450980392157,
      "Red Component" : 0.52941176470588236,
      "Blue Component" : 0.52941176470588236
    },
    "Ambiguous Double Width" : false,
    "Jobs to Ignore" : [
      "rlogin",
      "ssh",
      "slogin",
      "telnet"
    ],
    "Show Status Bar" : false,
    "Ansi 15 Color" : {
      "Green Component" : 0.89411764705882357,
      "Red Component" : 0.89411764705882357,
      "Blue Component" : 0.89411764705882357
    },
    "Foreground Color" : {
      "Green Component" : 0.81568627450980391,
      "Red Component" : 0.81568627450980391,
      "Blue Component" : 0.81568627450980391
    },
    "Working Directory" : "\/Users\/loudcolour",
    "Blinking Cursor" : false,
    "Disable Window Resizing" : true,
    "Sync Title" : false,
    "Prompt Before Closing 2" : false,
    "BM Growl" : true,
    "Command" : "",
    "Description" : "Default",
    "Mouse Reporting" : true,
    "Screen" : -1,
    "Selection Color" : {
      "Green Component" : 0.37254901960784315,
      "Red Component" : 0,
      "Blue Component" : 0.37254901960784315
    },
    "Columns" : 140,
    "Idle Code" : 0,
    "Ansi 13 Color" : {
      "Green Component" : 0.68627450980392157,
      "Red Component" : 1,
      "Blue Component" : 0.68627450980392157
    },
    "Custom Command" : "No",
    "ASCII Anti Aliased" : true,
    "Non Ascii Font" : "SourceHanSerif-Regular 14",
    "Vertical Spacing" : 1.0700000000000001,
    "Use Bold Font" : true,
    "Option Key Sends" : 0,
    "Selected Text Color" : {
      "Green Component" : 0.81568627450980391,
      "Red Component" : 0.81568627450980391,
      "Blue Component" : 0.81568627450980391
    },
    "Background Color" : {
      "Green Component" : 0.22745098039215686,
      "Red Component" : 0.22745098039215686,
      "Blue Component" : 0.22745098039215686
    },
    "Character Encoding" : 4,
    "Ansi 11 Color" : {
      "Green Component" : 0.84313725490196079,
      "Red Component" : 1,
      "Blue Component" : 0.52941176470588236
    },
    "Thin Strokes" : 4,
    "Use Italic Font" : true,
    "Unlimited Scrollback" : false,
    "Keyboard Map" : {
      "0xf704-0x20000" : {
        "Text" : "[1;2P",
        "Action" : 10
      },
      "0xf700-0x260000" : {
        "Text" : "[1;6A",
        "Action" : 10
      },
      "0x37-0x40000" : {
        "Text" : "0x1f",
        "Action" : 11
      },
      "0x32-0x40000" : {
        "Text" : "0x00",
        "Action" : 11
      },
      "0xf709-0x20000" : {
        "Text" : "[17;2~",
        "Action" : 10
      },
      "0xf70c-0x20000" : {
        "Text" : "[20;2~",
        "Action" : 10
      },
      "0xf729-0x20000" : {
        "Text" : "[1;2H",
        "Action" : 10
      },
      "0xf72b-0x40000" : {
        "Text" : "[1;5F",
        "Action" : 10
      },
      "0x6b-0x40000" : {
        "Action" : 22,
        "Text" : ""
      },
      "0xf703-0x260000" : {
        "Text" : "[1;6C",
        "Action" : 10
      },
      "0xf700-0x220000" : {
        "Text" : "[1;2A",
        "Action" : 10
      },
      "0xf705-0x20000" : {
        "Text" : "[1;2Q",
        "Action" : 10
      },
      "0xf701-0x280000" : {
        "Text" : "0x1b 0x1b 0x5b 0x42",
        "Action" : 11
      },
      "0x4a-0x60000" : {
        "Action" : 22,
        "Text" : ""
      },
      "0x38-0x40000" : {
        "Text" : "0x7f",
        "Action" : 11
      },
      "0x33-0x40000" : {
        "Text" : "0x1b",
        "Action" : 11
      },
      "0xf703-0x220000" : {
        "Text" : "[1;2C",
        "Action" : 10
      },
      "0x6c-0x40000" : {
        "Action" : 22,
        "Text" : ""
      },
      "0xf701-0x240000" : {
        "Text" : "[1;5B",
        "Action" : 10
      },
      "0xf70d-0x20000" : {
        "Text" : "[21;2~",
        "Action" : 10
      },
      "0xf702-0x260000" : {
        "Text" : "[1;6D",
        "Action" : 10
      },
      "0x4b-0x60000" : {
        "Action" : 22,
        "Text" : ""
      },
      "0x3b-0x40000" : {
        "Action" : 22,
        "Text" : ""
      },
      "0xf706-0x20000" : {
        "Text" : "[1;2R",
        "Action" : 10
      },
      "0x34-0x40000" : {
        "Text" : "0x1c",
        "Action" : 11
      },
      "0xf700-0x280000" : {
        "Text" : "0x1b 0x1b 0x5b 0x41",
        "Action" : 11
      },
      "0xf729-0x40000" : {
        "Text" : "[1;5H",
        "Action" : 10
      },
      "0x2d-0x40000" : {
        "Text" : "0x1f",
        "Action" : 11
      },
      "0xf70e-0x20000" : {
        "Text" : "[23;2~",
        "Action" : 10
      },
      "0xf702-0x220000" : {
        "Text" : "[1;2D",
        "Action" : 10
      },
      "0xf703-0x280000" : {
        "Text" : "0x1b 0x1b 0x5b 0x43",
        "Action" : 11
      },
      "0xf700-0x240000" : {
        "Text" : "[1;5A",
        "Action" : 10
      },
      "0xf707-0x20000" : {
        "Text" : "[1;2S",
        "Action" : 10
      },
      "0x22-0x60000" : {
        "Action" : 22,
        "Text" : ""
      },
      "0xf70a-0x20000" : {
        "Text" : "[18;2~",
        "Action" : 10
      },
      "0x35-0x40000" : {
        "Text" : "0x1d",
        "Action" : 11
      },
      "0x4c-0x60000" : {
        "Action" : 22,
        "Text" : ""
      },
      "0x20-0x20000" : {
        "Action" : 22,
        "Text" : ""
      },
      "0xf70f-0x20000" : {
        "Text" : "[24;2~",
        "Action" : 10
      },
      "0xd-0x80000" : {
        "Action" : 22,
        "Text" : ""
      },
      "0xf703-0x240000" : {
        "Text" : "[1;5C",
        "Action" : 10
      },
      "0xf701-0x260000" : {
        "Text" : "[1;6B",
        "Action" : 10
      },
      "0x27-0x40000" : {
        "Action" : 22,
        "Text" : ""
      },
      "0xf702-0x280000" : {
        "Text" : "0x1b 0x1b 0x5b 0x44",
        "Action" : 11
      },
      "0xf72b-0x20000" : {
        "Text" : "[1;2F",
        "Action" : 10
      },
      "0x36-0x40000" : {
        "Text" : "0x1e",
        "Action" : 11
      },
      "0xf708-0x20000" : {
        "Text" : "[15;2~",
        "Action" : 10
      },
      "0xf701-0x220000" : {
        "Text" : "[1;2B",
        "Action" : 10
      },
      "0xf70b-0x20000" : {
        "Text" : "[19;2~",
        "Action" : 10
      },
      "0x6a-0x40000" : {
        "Action" : 22,
        "Text" : ""
      },
      "0x3a-0x60000" : {
        "Action" : 22,
        "Text" : ""
      },